epoch,steps,MRR@10,NDCG@10
0,-1,0.99,0.9849898816670145
1,-1,0.99,0.9820136757360552
2,-1,0.99,0.9804429905619506
3,-1,0.99,0.9818953972779036
